,Año,Trimestre,Provincia,ADSL,Cablemodem,Fibra óptica,Wireless,Otros,Total
0,2022,3,Buenos Aires,339648.0,2748325.0,1436433.0,126846,70416,4721668.0
1,2022,3,Capital Federal,140791.0,1240125.0,129218.0,5758,31787,1547679.0
2,2022,3,Catamarca,10010.0,10495.0,46224.0,1329,2235,70293.0
3,2022,3,Chaco,27164.0,61800.0,44645.0,8178,2359,144146.0
4,2022,3,Chubut,45377.0,72212.0,9574.0,29784,8831,165778.0
5,2022,3,Córdoba,163770.0,465461.0,338570.0,6107,9797,1038668.0
6,2022,3,Corrientes,36508.0,77140.0,18619.0,7256,5323,144846.0
7,2022,3,Entre Ríos,60345.0,132952.0,36971.0,26098,12593,268959.0
8,2022,3,Formosa,14470.0,25880.0,11041.0,16935,2120,68538.0
9,2022,3,Jujuy,19257.0,52978.0,40172.0,4033,2383,118823.0
10,2022,3,La Pampa,7796.0,60078.0,23551.0,20216,4451,116092.0
11,2022,3,La Rioja,6842.0,53899.0,19697.0,6395,310,86864.0
12,2022,3,Mendoza,37659.0,78858.0,142615.0,27625,2766,289523.0
13,2022,3,Misiones,35513.0,88902.0,39046.0,11074,7622,182157.0
14,2022,3,Neuquén,29352.0,75815.0,29396.0,27482,1116,163161.0
15,2022,3,Río Negro,35552.0,48260.0,41017.0,1676,18969,160558.0
16,2022,3,Salta,40006.0,96984.0,50254.0,10082,7215,204541.0
17,2022,3,San Juan,38570.0,22723.0,12328.0,2186,7918,103399.0
18,2022,3,San Luis,6860.0,29363.0,248.0,70614,14985,122070.0
19,2022,3,Santa Cruz,10170.0,24047.0,10815.0,3896,5820,49510.0
20,2022,3,Santa Fe,183740.0,426255.0,215189.0,43079,19547,887810.0
21,2022,3,Santiago Del Estero,15385.0,80937.0,13170.0,6618,2922,119032.0
22,2022,3,Tierra Del Fuego,12754.0,39963.0,403.0,1250,6510,53896.0
23,2022,3,Tucumán,77738.0,18518.0,162345.0,3997,5190,263117.0
24,2022,2,Buenos Aires,350652.0,2719613.0,1399043.0,126847,71028,4667183.0
25,2022,2,Capital Federal,145491.0,1232226.0,121506.0,5757,31791,1536771.0
26,2022,2,Catamarca,11928.0,9430.0,42087.0,1329,2234,67008.0
27,2022,2,Chaco,29552.0,61284.0,42194.0,8178,2356,143564.0
28,2022,2,Chubut,45377.0,69242.0,9574.0,29784,8828,162805.0
29,2022,2,Córdoba,179181.0,467595.0,308895.0,61107,9657,1026435.0
30,2022,2,Corrientes,38468.0,75769.0,18181.0,7256,5323,144997.0
31,2022,2,Entre Ríos,63794.0,131029.0,35839.0,26098,12592,269352.0
32,2022,2,Formosa,15397.0,25487.0,9875.0,1691,2120,67881.0
33,2022,2,Jujuy,20303.0,54495.0,34184.0,3955,2377,115314.0
34,2022,2,La Pampa,7796.0,59273.0,22994.0,202,1264,111527.0
35,2022,2,La Rioja,7759.0,52656.0,19189.0,6395,310,86030.0
36,2022,2,Mendoza,37663.0,77504.0,135504.0,26964,1927,279562.0
37,2022,2,Misiones,37208.0,89260.0,33649.0,11074,7622,178813.0
38,2022,2,Neuquén,29749.0,74905.0,28824.0,27371,1119,161968.0
39,2022,2,Río Negro,36050.0,47040.0,40946.0,1676,18968,159764.0
40,2022,2,Salta,42665.0,96178.0,47076.0,10068,719,203177.0
41,2022,2,San Juan,38570.0,19734.0,12328.0,21859,7916,100407.0
42,2022,2,San Luis,6860.0,29034.0,248.0,70614,14985,121741.0
43,2022,2,Santa Cruz,10170.0,23725.0,10815.0,3896,5790,49185.0
44,2022,2,Santa Fe,198492.0,428233.0,189503.0,43081,1955,878859.0
45,2022,2,Santiago Del Estero,16561.0,80338.0,11605.0,6618,2922,118044.0
46,2022,2,Tierra Del Fuego,12754.0,39837.0,403.0,1250,6510,53770.0
47,2022,2,Tucumán,85893.0,15327.0,148823.0,3997,4870,254527.0
48,2022,1,Buenos Aires,392045.0,2728865.0,1242121.0,125521,66872,4555424.0
49,2022,1,Capital Federal,102290.0,1217225.0,62308.0,5784,29934,1417541.0
50,2022,1,Catamarca,14181.0,15517.0,29118.0,1328,2234,62378.0
51,2022,1,Chaco,32391.0,64546.0,36662.0,8164,2356,144119.0
52,2022,1,Chubut,44133.0,66667.0,9184.0,30592,21052,171628.0
53,2022,1,Córdoba,195610.0,501799.0,235838.0,60843,9713,1003803.0
54,2022,1,Corrientes,40462.0,79093.0,10875.0,6774,5374,142578.0
55,2022,1,Entre Ríos,67159.0,138986.0,23091.0,26098,12592,267926.0
56,2022,1,Formosa,16397.0,15927.0,5146.0,16876,2020,54548.0
57,2022,1,Jujuy,21307.0,60616.0,25949.0,4662,3975,116509.0
58,2022,1,La Pampa,8003.0,58978.0,21739.0,19903,1109,109732.0
59,2022,1,La Rioja,9103.0,59228.0,9546.0,6395,310,84303.0
60,2022,1,Mendoza,49464.0,74145.0,123228.0,26969,1379,275185.0
61,2022,1,Misiones,39147.0,91752.0,25178.0,7807,7624,171508.0
62,2022,1,Neuquén,28443.0,73200.0,24193.0,23098,7450,149679.0
63,2022,1,Río Negro,38662.0,45366.0,38037.0,16815,18494,157374.0
64,2022,1,Salta,44714.0,98667.0,40994.0,595,719,197515.0
65,2022,1,San Juan,34038.0,14449.0,11294.0,20723,7674,88178.0
66,2022,1,San Luis,7987.0,11296.0,31.0,71809,28721,119844.0
67,2022,1,Santa Cruz,10537.0,23420.0,10766.0,3974,4050,49102.0
68,2022,1,Santa Fe,213486.0,444609.0,146552.0,45261,20571,870479.0
69,2022,1,Santiago Del Estero,18118.0,87979.0,1093.0,6349,2922,116461.0
70,2022,1,Tierra Del Fuego,13031.0,38700.0,416.0,1240,3400,52611.0
71,2022,1,Tucumán,92532.0,62396.0,86174.0,3995,4870,245584.0
72,2021,4,Buenos Aires,426325.0,2706506.0,1176024.0,126887,73415,4509157.0
73,2021,4,Capital Federal,111360.0,1205128.0,60005.0,5679,29947,1412119.0
74,2021,4,Catamarca,16385.0,13858.0,25100.0,1512,2235,59090.0
75,2021,4,Chaco,35548.0,63145.0,34688.0,8005,2359,143745.0
76,2021,4,Chubut,46361.0,57412.0,9655.0,28041,18839,160308.0
77,2021,4,Córdoba,212011.0,487489.0,217214.0,61277,8779,986770.0
78,2021,4,Corrientes,42523.0,71183.0,10138.0,6778,529,135912.0
79,2021,4,Entre Ríos,70459.0,133387.0,23452.0,25022,12726,265046.0
80,2021,4,Formosa,17211.0,15111.0,5151.0,16018,1720,53663.0
81,2021,4,Jujuy,22330.0,60511.0,24156.0,2927,3991,113915.0
82,2021,4,La Pampa,8175.0,58000.0,20192.0,19286,1354,107007.0
83,2021,4,La Rioja,10387.0,56651.0,9446.0,6613,310,83128.0
84,2021,4,Mendoza,59842.0,71553.0,109667.0,24666,1859,267587.0
85,2021,4,Misiones,41778.0,92068.0,22035.0,7649,7602,171132.0
86,2021,4,Neuquén,29175.0,72761.0,23253.0,21531,7460,147466.0
87,2021,4,Río Negro,42037.0,44495.0,32212.0,16558,18451,153753.0
88,2021,4,Salta,46972.0,99808.0,39555.0,5882,7188,199405.0
89,2021,4,San Juan,35868.0,13102.0,11072.0,11423,8493,79958.0
90,2021,4,San Luis,8472.0,11064.0,30.0,7056,28723,118849.0
91,2021,4,Santa Cruz,10790.0,22902.0,10031.0,4346,4170,48486.0
92,2021,4,Santa Fe,233427.0,444373.0,128856.0,43556,16229,866441.0
93,2021,4,Santiago Del Estero,19032.0,86563.0,1088.0,6256,2922,115861.0
94,2021,4,Tierra Del Fuego,13317.0,38148.0,426.0,1240,3420,52357.0
95,2021,4,Tucumán,97830.0,59022.0,78790.0,2511,4860,238639.0
96,2021,3,Buenos Aires,585729.0,2595485.0,885613.0,120228,64554,4251609.0
97,2021,3,Capital Federal,142902.0,1192107.0,42966.0,6059,29371,1413405.0
98,2021,3,Catamarca,18413.0,11709.0,22331.0,1568,2233,56254.0
99,2021,3,Chaco,38258.0,63659.0,27583.0,8018,2353,139871.0
100,2021,3,Chubut,49269.0,55794.0,8946.0,23376,18681,156066.0
101,2021,3,Córdoba,229275.0,477223.0,167495.0,57617,15178,946788.0
102,2021,3,Corrientes,44805.0,69403.0,7542.0,6766,5303,133819.0
103,2021,3,Entre Ríos,74443.0,128752.0,20485.0,235,13195,260375.0
104,2021,3,Formosa,18093.0,14111.0,4730.0,1569,1710,52795.0
105,2021,3,Jujuy,23554.0,60758.0,19926.0,2952,3968,111158.0
106,2021,3,La Pampa,9015.0,57881.0,17817.0,14479,1295,100487.0
107,2021,3,La Rioja,11329.0,54744.0,9444.0,6613,300,82160.0
108,2021,3,Mendoza,91474.0,71247.0,70579.0,21811,8280,255939.0
109,2021,3,Misiones,43230.0,89469.0,10969.0,7198,7662,158528.0
110,2021,3,Neuquén,29650.0,73794.0,16455.0,1927,6400,139809.0
111,2021,3,Río Negro,47934.0,44519.0,18725.0,15031,18376,144585.0
112,2021,3,Salta,49212.0,98318.0,36126.0,5724,6453,195833.0
113,2021,3,San Juan,40072.0,12922.0,6670.0,11372,8447,79483.0
114,2021,3,San Luis,8417.0,11884.0,27.0,68856,2868,117864.0
115,2021,3,Santa Cruz,12347.0,22961.0,6328.0,4269,3071,48976.0
116,2021,3,Santa Fe,245929.0,443156.0,93412.0,43447,1564,841584.0
117,2021,3,Santiago Del Estero,19939.0,85535.0,909.0,6147,2928,115458.0
118,2021,3,Tierra Del Fuego,12853.0,36958.0,6.0,160,3900,50223.0
119,2021,3,Tucumán,104489.0,53868.0,70964.0,2408,7430,232472.0
120,2021,2,Buenos Aires,603255.0,2503830.0,854173.0,113546,57547,4132351.0
121,2021,2,Capital Federal,148989.0,1175097.0,41318.0,558,29371,1400355.0
122,2021,2,Catamarca,20305.0,9426.0,22331.0,1449,2233,55744.0
123,2021,2,Chaco,39826.0,62948.0,27584.0,8018,2353,140729.0
124,2021,2,Chubut,49271.0,41497.0,6081.0,23682,18706,139237.0
125,2021,2,Córdoba,239780.0,467782.0,151855.0,55944,15519,930880.0
126,2021,2,Corrientes,46648.0,67262.0,3731.0,6557,5303,129501.0
127,2021,2,Entre Ríos,77836.0,124957.0,17856.0,23786,13197,257632.0
128,2021,2,Formosa,19571.0,12509.0,3610.0,1569,1710,51551.0
129,2021,2,Jujuy,24738.0,60800.0,19611.0,2731,3968,111848.0
130,2021,2,La Pampa,9017.0,57014.0,17132.0,13209,1295,97667.0
131,2021,2,La Rioja,11627.0,54255.0,9445.0,6245,300,81602.0
132,2021,2,Mendoza,91503.0,70834.0,44696.0,21811,8270,229671.0
133,2021,2,Misiones,44960.0,87861.0,10376.0,5317,7662,156176.0
134,2021,2,Neuquén,30083.0,72690.0,15619.0,19218,6400,138250.0
135,2021,2,Río Negro,48189.0,43761.0,18727.0,15031,18376,144084.0
136,2021,2,Salta,51396.0,96016.0,32050.0,5724,6453,191639.0
137,2021,2,San Juan,40072.0,12369.0,6673.0,11372,8447,78933.0
138,2021,2,San Luis,8417.0,11308.0,28.0,6686,36205,122818.0
139,2021,2,Santa Cruz,12347.0,22967.0,6328.0,4269,3071,48982.0
140,2021,2,Santa Fe,256741.0,431915.0,90424.0,43997,17523,840600.0
141,2021,2,Santiago Del Estero,20734.0,83770.0,909.0,5081,3596,114090.0
142,2021,2,Tierra Del Fuego,12853.0,22504.0,6.0,140,3160,35693.0
143,2021,2,Tucumán,110429.0,48359.0,71683.0,1837,7430,233051.0
144,2021,1,Buenos Aires,629679.0,2452056.0,821597.0,98806,57864,4060002.0
145,2021,1,Capital Federal,159805.0,1145093.0,39980.0,5559,29236,1379673.0
146,2021,1,Catamarca,26316.0,4409.0,18688.0,3220,2233,51968.0
147,2021,1,Chaco,43214.0,61251.0,25426.0,8004,1875,139770.0
148,2021,1,Chubut,45501.0,40960.0,3444.0,23723,18712,132340.0
149,2021,1,Córdoba,260350.0,444695.0,134634.0,54137,17065,910881.0
150,2021,1,Corrientes,49160.0,62876.0,3337.0,5949,5303,126625.0
151,2021,1,Entre Ríos,83688.0,118424.0,16846.0,20836,12169,251963.0
152,2021,1,Formosa,20663.0,11412.0,2562.0,15669,3800,50686.0
153,2021,1,Jujuy,32254.0,54324.0,17322.0,2677,3879,110456.0
154,2021,1,La Pampa,8946.0,58711.0,15779.0,12369,13,97105.0
155,2021,1,La Rioja,17363.0,34984.0,1.0,2500,300,52628.0
156,2021,1,Mendoza,91844.0,69295.0,38619.0,18332,8330,218923.0
157,2021,1,Misiones,48292.0,82339.0,7064.0,4796,6896,149387.0
158,2021,1,Neuquén,30223.0,70457.0,14171.0,17752,6320,133235.0
159,2021,1,Río Negro,48777.0,42192.0,17828.0,13994,18377,141168.0
160,2021,1,Salta,54768.0,89187.0,31498.0,5669,6452,187574.0
161,2021,1,San Juan,40072.0,11589.0,6671.0,11482,8453,78267.0
162,2021,1,San Luis,8417.0,10678.0,28.0,63826,36205,119154.0
163,2021,1,Santa Cruz,12347.0,23089.0,5975.0,4264,3900,46065.0
164,2021,1,Santa Fe,277012.0,421480.0,70976.0,3914,17519,826127.0
165,2021,1,Santiago Del Estero,26468.0,75849.0,570.0,5158,3596,111641.0
166,2021,1,Tierra Del Fuego,12853.0,27247.0,6.0,0,3160,40422.0
167,2021,1,Tucumán,147199.0,12185.0,69954.0,1834,7400,231912.0
168,2020,4,Buenos Aires,635651.0,2441248.0,804991.0,93444,57927,4033261.0
169,2020,4,Capital Federal,163060.0,1142528.0,39890.0,4815,29237,1379530.0
170,2020,4,Catamarca,26870.0,5115.0,17856.0,3220,2233,52396.0
171,2020,4,Chaco,44332.0,61200.0,23687.0,7997,1875,139091.0
172,2020,4,Chubut,45703.0,39756.0,3040.0,23363,18712,130574.0
173,2020,4,Córdoba,267396.0,439322.0,125620.0,52827,17536,902701.0
174,2020,4,Corrientes,50102.0,61495.0,3146.0,5626,529,125659.0
175,2020,4,Entre Ríos,85683.0,113670.0,15653.0,20206,12169,247381.0
176,2020,4,Formosa,21264.0,10789.0,2432.0,15341,3800,50206.0
177,2020,4,Jujuy,32850.0,52815.0,15639.0,1077,347,105851.0
178,2020,4,La Pampa,9009.0,58945.0,15432.0,12194,1315,96895.0
179,2020,4,La Rioja,17513.0,34984.0,1.0,2500,300,52778.0
180,2020,4,Mendoza,91842.0,68364.0,36083.0,18331,8330,215453.0
181,2020,4,Misiones,49462.0,79855.0,6589.0,4359,6896,147161.0
182,2020,4,Neuquén,30468.0,70614.0,13732.0,17689,6320,133135.0
183,2020,4,Río Negro,48991.0,42022.0,17826.0,13994,18377,141210.0
184,2020,4,Salta,56659.0,87817.0,30604.0,5858,6452,187390.0
185,2020,4,San Juan,40072.0,7004.0,6599.0,10468,8453,72596.0
186,2020,4,San Luis,8417.0,11767.0,27.0,63019,36205,119435.0
187,2020,4,Santa Cruz,12347.0,19657.0,1041.0,4659,297,40674.0
188,2020,4,Santa Fe,287271.0,414746.0,62692.0,38712,17392,820813.0
189,2020,4,Santiago Del Estero,26812.0,70522.0,570.0,5169,3596,106669.0
190,2020,4,Tierra Del Fuego,12853.0,26439.0,6.0,0,3160,39614.0
191,2020,4,Tucumán,149322.0,11150.0,68043.0,1834,7400,231089.0
192,2020,3,Buenos Aires,653930.0,2384557.0,749087.0,94162,55541,3937277.0
193,2020,3,Capital Federal,170375.0,1129573.0,39417.0,3936,29374,1372675.0
194,2020,3,Catamarca,26868.0,3690.0,16857.0,2610,2228,49904.0
195,2020,3,Chaco,45745.0,58825.0,20675.0,6706,2003,133954.0
196,2020,3,Chubut,45761.0,39386.0,2897.0,23216,18767,130027.0
197,2020,3,Córdoba,276360.0,430771.0,102217.0,48368,9756,867472.0
198,2020,3,Corrientes,50858.0,58681.0,2960.0,5513,5379,123391.0
199,2020,3,Entre Ríos,87892.0,106950.0,13954.0,20379,1232,241495.0
200,2020,3,Formosa,21790.0,10003.0,2000.0,15023,3930,49209.0
201,2020,3,Jujuy,32611.0,57682.0,11112.0,9520,4371,106728.0
202,2020,3,La Pampa,9015.0,56845.0,14677.0,11893,1305,93735.0
203,2020,3,La Rioja,17346.0,34984.0,1.0,2500,350,52616.0
204,2020,3,Mendoza,91908.0,64672.0,32817.0,17523,8680,207788.0
205,2020,3,Misiones,50195.0,77989.0,2572.0,3445,8985,143186.0
206,2020,3,Neuquén,30222.0,70446.0,11043.0,16787,7370,129235.0
207,2020,3,Río Negro,49530.0,40001.0,10381.0,13187,18368,131467.0
208,2020,3,Salta,58216.0,84128.0,25445.0,5764,7293,180846.0
209,2020,3,San Juan,40092.0,9223.0,5509.0,14023,848,77327.0
210,2020,3,San Luis,8401.0,10077.0,6.0,61828,36253,116565.0
211,2020,3,Santa Cruz,12845.0,16098.0,1027.0,6938,2373,39281.0
212,2020,3,Santa Fe,295051.0,405807.0,45721.0,37112,19307,802998.0
213,2020,3,Santiago Del Estero,26419.0,70720.0,555.0,4185,3613,105492.0
214,2020,3,Tierra Del Fuego,12854.0,26491.0,0.0,0,3100,39655.0
215,2020,3,Tucumán,149605.0,11752.0,59949.0,1808,7620,223876.0
216,2020,2,Buenos Aires,661272.0,2244277.0,723072.0,91736,57189,3777546.0
217,2020,2,Capital Federal,178896.0,1106133.0,39482.0,3937,29373,1357821.0
218,2020,2,Catamarca,26968.0,3641.0,14878.0,2610,2228,47976.0
219,2020,2,Chaco,46816.0,56017.0,17266.0,6452,1581,128132.0
220,2020,2,Chubut,45761.0,38279.0,1324.0,17678,5614,108656.0
221,2020,2,Córdoba,282858.0,415007.0,85818.0,44522,8263,836468.0
222,2020,2,Corrientes,51248.0,55536.0,3144.0,3927,5011,118866.0
223,2020,2,Entre Ríos,89391.0,99423.0,13954.0,20042,11303,234113.0
224,2020,2,Formosa,21805.0,9353.0,1882.0,14723,1690,47932.0
225,2020,2,Jujuy,32705.0,38938.0,5057.0,9520,16664,94316.0
226,2020,2,La Pampa,8551.0,54422.0,14232.0,11314,129,89809.0
227,2020,2,La Rioja,16885.0,34984.0,1.0,2500,350,52155.0
228,2020,2,Mendoza,91904.0,62941.0,29613.0,15924,8020,201184.0
229,2020,2,Misiones,50792.0,74497.0,2579.0,3319,9153,140340.0
230,2020,2,Neuquén,30256.0,67990.0,11037.0,15755,1134,126172.0
231,2020,2,Río Negro,49756.0,39650.0,10382.0,11331,18367,129486.0
232,2020,2,Salta,59502.0,81740.0,24289.0,5123,7108,177762.0
233,2020,2,San Juan,40092.0,8275.0,5509.0,7019,8882,69777.0
234,2020,2,San Luis,8401.0,8357.0,6.0,60935,36253,113952.0
235,2020,2,Santa Cruz,12845.0,16044.0,1027.0,6585,2368,38869.0
236,2020,2,Santa Fe,299974.0,381679.0,46698.0,30487,19094,777932.0
237,2020,2,Santiago Del Estero,25917.0,72074.0,355.0,3038,4063,105447.0
238,2020,2,Tierra Del Fuego,12854.0,26025.0,0.0,0,3100,39189.0
239,2020,2,Tucumán,150084.0,9833.0,55120.0,1357,7620,217156.0
240,2020,1,Buenos Aires,673237.0,2210349.0,720688.0,85443,18334,3708051.0
241,2020,1,Capital Federal,184494.0,1097635.0,38898.0,3911,28556,1353494.0
242,2020,1,Catamarca,21945.0,3146.0,12056.0,2610,2227,39635.0
243,2020,1,Chaco,46356.0,54144.0,11958.0,6239,158,120277.0
244,2020,1,Chubut,45763.0,27287.0,1324.0,16885,5479,96738.0
245,2020,1,Córdoba,286168.0,406109.0,68512.0,41617,8693,811099.0
246,2020,1,Corrientes,51126.0,53231.0,2172.0,2437,5004,113970.0
247,2020,1,Entre Ríos,90368.0,95434.0,13245.0,18737,14062,231846.0
248,2020,1,Formosa,21068.0,8887.0,1800.0,1451,1690,46434.0
249,2020,1,Jujuy,32066.0,38938.0,3078.0,9420,16641,91665.0
250,2020,1,La Pampa,8553.0,53755.0,13821.0,11295,1802,89226.0
251,2020,1,La Rioja,13076.0,34984.0,0.0,2510,290,48340.0
252,2020,1,Mendoza,91955.0,50251.0,28059.0,12465,7220,183452.0
253,2020,1,Misiones,51458.0,69452.0,1220.0,4600,10962,133552.0
254,2020,1,Neuquén,29305.0,65951.0,11031.0,14711,7290,121727.0
255,2020,1,Río Negro,47756.0,38479.0,10381.0,11222,18362,126200.0
256,2020,1,Salta,60426.0,75593.0,23025.0,4125,7212,170381.0
257,2020,1,San Juan,40092.0,6448.0,5508.0,7082,5101,64231.0
258,2020,1,San Luis,8301.0,7612.0,5.0,58301,36333,110552.0
259,2020,1,Santa Cruz,12845.0,15766.0,1026.0,6817,2368,38822.0
260,2020,1,Santa Fe,302366.0,383673.0,35123.0,30488,19468,771118.0
261,2020,1,Santiago Del Estero,24695.0,70424.0,200.0,2779,4657,102755.0
262,2020,1,Tierra Del Fuego,12854.0,25632.0,0.0,0,3080,38794.0
263,2020,1,Tucumán,143184.0,10494.0,44687.0,1355,3470,200067.0
264,2019,4,Buenos Aires,720011.0,2191672.0,669194.0,87111,18266,3686254.0
265,2019,4,Capital Federal,196938.0,1093143.0,35534.0,3914,28576,1358105.0
266,2019,4,Catamarca,22999.0,3318.0,9506.0,2610,2227,38311.0
267,2019,4,Chaco,48661.0,53602.0,8831.0,5229,158,117903.0
268,2019,4,Chubut,47045.0,26977.0,1324.0,15267,5489,96102.0
269,2019,4,Córdoba,296872.0,410038.0,53335.0,3775,8693,806688.0
270,2019,4,Corrientes,52525.0,51845.0,2002.0,2458,5004,113834.0
271,2019,4,Entre Ríos,92981.0,99206.0,12875.0,18561,15407,239030.0
272,2019,4,Formosa,21567.0,8684.0,1760.0,14531,1690,46711.0
273,2019,4,Jujuy,32949.0,37604.0,873.0,8140,16641,88881.0
274,2019,4,La Pampa,15457.0,56854.0,4942.0,11341,1805,90399.0
275,2019,4,La Rioja,13738.0,34984.0,0.0,2510,290,49002.0
276,2019,4,Mendoza,96678.0,49711.0,24989.0,13672,7300,185780.0
277,2019,4,Misiones,53116.0,69676.0,847.0,4410,11733,135813.0
278,2019,4,Neuquén,29826.0,60970.0,10549.0,14246,8540,116445.0
279,2019,4,Río Negro,49747.0,37933.0,9658.0,11437,18365,127140.0
280,2019,4,Salta,63272.0,76062.0,21865.0,304,8206,172445.0
281,2019,4,San Juan,41360.0,6338.0,4931.0,7241,5104,64974.0
282,2019,4,San Luis,8569.0,8027.0,6.0,55266,36333,108201.0
283,2019,4,Santa Cruz,13264.0,15899.0,1036.0,68,2371,39370.0
284,2019,4,Santa Fe,312072.0,382254.0,27464.0,26978,20401,769169.0
285,2019,4,Santiago Del Estero,24682.0,71239.0,200.0,281,4657,103588.0
286,2019,4,Tierra Del Fuego,13261.0,26821.0,0.0,0,3100,40392.0
287,2019,4,Tucumán,146985.0,11012.0,39574.0,7250,3480,198644.0
288,2019,3,Buenos Aires,1277249.0,2144956.0,425386.0,85572,2707,3960233.0
289,2019,3,Capital Federal,300288.0,1080973.0,24900.0,3895,31155,1441211.0
290,2019,3,Catamarca,24349.0,5543.0,13.0,2440,2251,32400.0
291,2019,3,Chaco,50416.0,49156.0,8063.0,5224,1592,114451.0
292,2019,3,Chubut,37298.0,27090.0,1917.0,15149,7551,89005.0
293,2019,3,Córdoba,307780.0,399231.0,30064.0,37277,8701,783053.0
294,2019,3,Corrientes,53344.0,50230.0,1888.0,2458,4839,112759.0
295,2019,3,Entre Ríos,94947.0,96305.0,12888.0,1853,15432,238102.0
296,2019,3,Formosa,21777.0,8359.0,1476.0,14292,1620,46066.0
297,2019,3,Jujuy,33110.0,35742.0,274.0,8120,16638,86576.0
298,2019,3,La Pampa,19469.0,52941.0,4994.0,11462,1962,90828.0
299,2019,3,La Rioja,14390.0,34984.0,11.0,2510,410,49677.0
300,2019,3,Mendoza,148640.0,54312.0,6865.0,12975,1545,224337.0
301,2019,3,Misiones,54493.0,65872.0,829.0,4190,1227,133883.0
302,2019,3,Neuquén,43347.0,60484.0,5560.0,13512,2518,125421.0
303,2019,3,Río Negro,67478.0,37425.0,9739.0,10806,18847,144295.0
304,2019,3,Salta,65799.0,74329.0,733.0,158,9394,151835.0
305,2019,3,San Juan,51670.0,7425.0,1227.0,7241,5535,73098.0
306,2019,3,San Luis,13037.0,10561.0,350.0,62286,36466,122700.0
307,2019,3,Santa Cruz,10663.0,17056.0,969.0,6544,2738,37970.0
308,2019,3,Santa Fe,319396.0,377171.0,18690.0,24269,21408,760934.0
309,2019,3,Santiago Del Estero,24556.0,71198.0,219.0,2759,344,133132.0
310,2019,3,Tierra Del Fuego,19790.0,26659.0,651.0,0,1487,48587.0
311,2019,3,Tucumán,150918.0,12089.0,116.0,6840,3240,164131.0
312,2019,2,Buenos Aires,1284658.0,2079900.0,382971.0,7524,32929,3855698.0
313,2019,2,Capital Federal,309937.0,1061358.0,36082.0,3962,4281,1415620.0
314,2019,2,Catamarca,25682.0,5543.0,13.0,1460,2251,33635.0
315,2019,2,Chaco,50765.0,47448.0,4203.0,4727,1591,108734.0
316,2019,2,Chubut,37313.0,26338.0,1917.0,14443,7545,87556.0
317,2019,2,Córdoba,314768.0,388254.0,23023.0,33847,15236,775128.0
318,2019,2,Corrientes,53835.0,47431.0,1701.0,2444,6138,111549.0
319,2019,2,Entre Ríos,97081.0,91081.0,12764.0,17369,17529,235824.0
320,2019,2,Formosa,21916.0,8686.0,1382.0,14292,1620,46438.0
321,2019,2,Jujuy,33022.0,30742.0,274.0,8120,21857,86707.0
322,2019,2,La Pampa,19471.0,52101.0,4840.0,10789,3004,90205.0
323,2019,2,La Rioja,15014.0,34984.0,11.0,2510,410,50301.0
324,2019,2,Mendoza,148673.0,54027.0,6865.0,12748,1544,223857.0
325,2019,2,Misiones,55373.0,64272.0,543.0,4210,12269,132878.0
326,2019,2,Neuquén,43420.0,59021.0,4983.0,12792,2737,122953.0
327,2019,2,Río Negro,67841.0,36527.0,4037.0,10485,19657,138547.0
328,2019,2,Salta,68827.0,62343.0,725.0,121,9463,142568.0
329,2019,2,San Juan,51680.0,7425.0,1174.0,287,6876,70025.0
330,2019,2,San Luis,11130.0,10298.0,347.0,57242,38368,117385.0
331,2019,2,Santa Cruz,10665.0,10257.0,379.0,6514,2735,30550.0
332,2019,2,Santa Fe,325420.0,355140.0,18236.0,2198,22708,743484.0
333,2019,2,Santiago Del Estero,24393.0,64783.0,219.0,2759,346,126754.0
334,2019,2,Tierra Del Fuego,19790.0,25527.0,651.0,0,1486,47454.0
335,2019,2,Tucumán,153121.0,12089.0,116.0,6840,3210,166331.0
336,2019,1,Buenos Aires,1304507.0,2020730.0,336362.0,64867,20201,3746667.0
337,2019,1,Capital Federal,328246.0,1030814.0,32281.0,3978,4281,1399600.0
338,2019,1,Catamarca,26912.0,4443.0,16.0,0,2251,33622.0
339,2019,1,Chaco,53409.0,43555.0,1951.0,3628,1134,103677.0
340,2019,1,Chubut,37302.0,23065.0,1923.0,14443,3045,79778.0
341,2019,1,Córdoba,323272.0,363959.0,19902.0,24615,12367,744115.0
342,2019,1,Corrientes,55842.0,43444.0,1615.0,1528,580,102487.0
343,2019,1,Entre Ríos,100999.0,90253.0,12723.0,16231,12241,232447.0
344,2019,1,Formosa,22570.0,7878.0,940.0,13761,620,45211.0
345,2019,1,Jujuy,33248.0,12484.0,153.0,6400,43622,90147.0
346,2019,1,La Pampa,18832.0,57373.0,2891.0,9023,1041,89160.0
347,2019,1,La Rioja,16367.0,34984.0,12.0,2520,410,51656.0
348,2019,1,Mendoza,148524.0,40205.0,5662.0,10363,1544,206298.0
349,2019,1,Misiones,54898.0,59214.0,465.0,4260,7717,122720.0
350,2019,1,Neuquén,40747.0,55634.0,3114.0,1251,2372,114377.0
351,2019,1,Río Negro,68377.0,34124.0,3994.0,9736,4857,121088.0
352,2019,1,Salta,74426.0,57933.0,647.0,1135,1879,136020.0
353,2019,1,San Juan,51660.0,5838.0,808.0,2932,1207,62445.0
354,2019,1,San Luis,11108.0,7784.0,378.0,53097,23968,96335.0
355,2019,1,Santa Cruz,10659.0,4615.0,382.0,6514,2735,24905.0
356,2019,1,Santa Fe,340038.0,340344.0,15621.0,23215,1786,737078.0
357,2019,1,Santiago Del Estero,25337.0,61547.0,23.0,2847,990,89853.0
358,2019,1,Tierra Del Fuego,19789.0,23549.0,1623.0,0,1486,46447.0
359,2019,1,Tucumán,159215.0,11670.0,118.0,6780,3210,172002.0
360,2018,4,Buenos Aires,1305576.0,1949637.0,296102.0,65477,19814,3636606.0
361,2018,4,Capital Federal,328253.0,1019490.0,33042.0,3978,4257,1389020.0
362,2018,4,Catamarca,26912.0,4443.0,16.0,0,2212,33583.0
363,2018,4,Chaco,53409.0,43555.0,1940.0,3236,113,103270.0
364,2018,4,Chubut,37215.0,23065.0,952.0,14443,3047,78722.0
365,2018,4,Córdoba,328854.0,355716.0,17675.0,21851,13243,737339.0
366,2018,4,Corrientes,55842.0,42418.0,796.0,1515,300,100601.0
367,2018,4,Entre Ríos,101168.0,86198.0,4853.0,15472,14356,222047.0
368,2018,4,Formosa,22619.0,7880.0,887.0,13761,570,45204.0
369,2018,4,Jujuy,33248.0,12484.0,153.0,6400,43608,90133.0
370,2018,4,La Pampa,18832.0,55337.0,2685.0,7772,101,85636.0
371,2018,4,La Rioja,16367.0,34984.0,12.0,2520,360,51651.0
372,2018,4,Mendoza,148524.0,40205.0,5665.0,10363,1547,206304.0
373,2018,4,Misiones,55500.0,53673.0,465.0,4260,6209,116273.0
374,2018,4,Neuquén,40747.0,55634.0,3115.0,12425,2444,114365.0
375,2018,4,Río Negro,68377.0,34292.0,1299.0,8037,4832,116837.0
376,2018,4,Salta,74295.0,57539.0,638.0,2530,1853,134578.0
377,2018,4,San Juan,51660.0,5838.0,806.0,2883,1211,62398.0
378,2018,4,San Luis,11108.0,7784.0,378.0,53097,23964,96331.0
379,2018,4,Santa Cruz,10659.0,4615.0,382.0,6378,2734,24768.0
380,2018,4,Santa Fe,335519.0,322782.0,14387.0,18705,28997,720390.0
381,2018,4,Santiago Del Estero,25339.0,61243.0,23.0,2649,810,89335.0
382,2018,4,Tierra Del Fuego,19789.0,23349.0,1623.0,0,1499,46260.0
383,2018,4,Tucumán,159215.0,11670.0,119.0,6860,3140,172004.0
384,2018,3,Buenos Aires,1435856.0,1929273.0,156382.0,62318,26448,3610277.0
385,2018,3,Capital Federal,334353.0,1009252.0,35694.0,3872,9319,1392490.0
386,2018,3,Catamarca,27553.0,4443.0,15.0,10,2214,34226.0
387,2018,3,Chaco,53927.0,42359.0,1990.0,2628,1129,102033.0
388,2018,3,Chubut,58887.0,23065.0,1239.0,13817,6728,103736.0
389,2018,3,Córdoba,337620.0,342401.0,15785.0,19213,10839,725858.0
390,2018,3,Corrientes,56444.0,41300.0,212.0,1468,320,99456.0
391,2018,3,Entre Ríos,103318.0,83714.0,2403.0,15093,800,204608.0
392,2018,3,Formosa,22777.0,7589.0,817.0,13625,570,44865.0
393,2018,3,Jujuy,33363.0,10856.0,32.0,6410,430,44935.0
394,2018,3,La Pampa,12415.0,54574.0,8437.0,7011,9870,83424.0
395,2018,3,La Rioja,16587.0,34984.0,13.0,2530,350,51872.0
396,2018,3,Mendoza,151033.0,40205.0,5744.0,8195,1852,207029.0
397,2018,3,Misiones,56290.0,50793.0,512.0,3910,560,108042.0
398,2018,3,Neuquén,46602.0,54129.0,998.0,12277,2712,116718.0
399,2018,3,Río Negro,68590.0,33474.0,1252.0,5051,5125,113492.0
400,2018,3,Salta,76600.0,53980.0,678.0,2340,1391,132883.0
401,2018,3,San Juan,54025.0,5838.0,826.0,2744,1048,64481.0
402,2018,3,San Luis,11096.0,7784.0,368.0,52859,2314,74421.0
403,2018,3,Santa Cruz,18606.0,4574.0,585.0,6238,3996,33999.0
404,2018,3,Santa Fe,339126.0,312866.0,11749.0,16337,15022,695100.0
405,2018,3,Santiago Del Estero,25805.0,58789.0,23.0,1662,810,86360.0
406,2018,3,Tierra Del Fuego,19365.0,22649.0,1502.0,10,2047,45564.0
407,2018,3,Tucumán,161209.0,9280.0,110.0,2520,3150,171166.0
408,2018,2,Buenos Aires,1450203.0,1807868.0,143626.0,71256,27746,3500699.0
409,2018,2,Capital Federal,342431.0,977916.0,35610.0,3908,9321,1369186.0
410,2018,2,Catamarca,27444.0,4415.0,15.0,10,2214,34089.0
411,2018,2,Chaco,54134.0,40750.0,562.0,1946,1129,98521.0
412,2018,2,Chubut,58935.0,19591.0,1239.0,1407,6729,100564.0
413,2018,2,Córdoba,345141.0,327636.0,13832.0,16355,10109,713073.0
414,2018,2,Corrientes,56541.0,39715.0,201.0,1468,320,97957.0
415,2018,2,Entre Ríos,104811.0,80376.0,2405.0,12313,800,199985.0
416,2018,2,Formosa,23543.0,7311.0,18.0,13625,570,44554.0
417,2018,2,Jujuy,33571.0,10856.0,23.0,6400,430,45133.0
418,2018,2,La Pampa,12416.0,53587.0,8420.0,7011,9870,82421.0
419,2018,2,La Rioja,16663.0,34984.0,13.0,2530,350,51948.0
420,2018,2,Mendoza,152938.0,36872.0,3084.0,6206,1852,200952.0
421,2018,2,Misiones,57265.0,47923.0,512.0,3910,560,106147.0
422,2018,2,Neuquén,46633.0,52855.0,998.0,12649,2713,115848.0
423,2018,2,Río Negro,68667.0,32795.0,1252.0,4396,5125,112235.0
424,2018,2,Salta,78386.0,53478.0,678.0,2340,1391,134167.0
425,2018,2,San Juan,54080.0,5068.0,826.0,3079,1048,64101.0
426,2018,2,San Luis,11104.0,7666.0,368.0,160,2314,21468.0
427,2018,2,Santa Cruz,18615.0,4474.0,585.0,6734,3997,34405.0
428,2018,2,Santa Fe,337934.0,304349.0,11354.0,15801,15114,684552.0
429,2018,2,Santiago Del Estero,26074.0,55935.0,23.0,1662,810,83775.0
430,2018,2,Tierra Del Fuego,19372.0,22756.0,531.0,10,2047,44707.0
431,2018,2,Tucumán,160315.0,8965.0,110.0,2520,3150,169957.0
432,2018,1,Buenos Aires,1452061.0,1793884.0,133928.0,64379,31194,3475446.0
433,2018,1,Capital Federal,349995.0,968483.0,35535.0,3164,9393,1366570.0
434,2018,1,Catamarca,27300.0,4415.0,15.0,10,2214,33945.0
435,2018,1,Chaco,54879.0,40157.0,383.0,3880,113,96937.0
436,2018,1,Chubut,56375.0,19591.0,1194.0,1407,6729,97959.0
437,2018,1,Córdoba,349342.0,326894.0,13178.0,13237,11275,713926.0
438,2018,1,Corrientes,56937.0,35225.0,888.0,1334,330,94417.0
439,2018,1,Entre Ríos,106998.0,75751.0,3789.0,10776,800,197394.0
440,2018,1,Formosa,23556.0,7095.0,17.0,1603,570,32328.0
441,2018,1,Jujuy,33856.0,10456.0,23.0,280,430,44406.0
442,2018,1,La Pampa,10807.0,51389.0,8386.0,10556,1926,83064.0
443,2018,1,La Rioja,16960.0,34984.0,13.0,2530,350,52245.0
444,2018,1,Mendoza,152931.0,36872.0,3086.0,6206,1852,200947.0
445,2018,1,Misiones,56311.0,46880.0,328.0,50,560,103580.0
446,2018,1,Neuquén,46714.0,55072.0,1000.0,12404,2713,117903.0
447,2018,1,Río Negro,68769.0,31712.0,1251.0,4259,5128,111119.0
448,2018,1,Salta,79936.0,51534.0,118.0,2040,1391,133183.0
449,2018,1,San Juan,54080.0,5068.0,826.0,2246,1048,63268.0
450,2018,1,San Luis,11104.0,7594.0,368.0,160,2314,21396.0
451,2018,1,Santa Cruz,18615.0,4474.0,1799.0,6734,2783,34405.0
452,2018,1,Santa Fe,341997.0,300421.0,10674.0,11636,15298,680026.0
453,2018,1,Santiago Del Estero,26788.0,54594.0,23.0,1432,810,82918.0
454,2018,1,Tierra Del Fuego,19372.0,9663.0,531.0,10,2047,31614.0
455,2018,1,Tucumán,158611.0,8921.0,107.0,3680,500,168057.0
456,2017,4,Buenos Aires,1241172.0,1718013.0,131181.0,60082,31448,3181896.0
457,2017,4,Capital Federal,571363.0,961688.0,36277.0,3119,9877,1582324.0
458,2017,4,Catamarca,27083.0,263.0,11.0,10,22,29558.0
459,2017,4,Chaco,55035.0,39690.0,389.0,3800,1121,96615.0
460,2017,4,Chubut,56378.0,15097.0,1187.0,1407,6708,93440.0
461,2017,4,Córdoba,349710.0,324709.0,12778.0,12043,10739,709979.0
462,2017,4,Corrientes,56786.0,34722.0,894.0,1334,350,93771.0
463,2017,4,Entre Ríos,107764.0,73692.0,1894.0,10267,860,193703.0
464,2017,4,Formosa,23410.0,6973.0,19.0,1603,510,32056.0
465,2017,4,Jujuy,33844.0,9626.0,20.0,280,340,43552.0
466,2017,4,La Pampa,10808.0,50495.0,8272.0,10569,1927,82071.0
467,2017,4,La Rioja,16912.0,34984.0,14.0,2530,310,52194.0
468,2017,4,Mendoza,152896.0,16114.0,3015.0,6206,192,180151.0
469,2017,4,Misiones,56271.0,47470.0,95.0,50,540,103895.0
470,2017,4,Neuquén,46739.0,54119.0,1017.0,12404,2692,116971.0
471,2017,4,Río Negro,68690.0,30451.0,1250.0,4259,5114,109764.0
472,2017,4,Salta,80705.0,50446.0,127.0,1580,1376,132812.0
473,2017,4,San Juan,54079.0,451.0,812.0,2246,1036,58624.0
474,2017,4,San Luis,11104.0,1119.0,335.0,170,2329,14904.0
475,2017,4,Santa Cruz,18614.0,1668.0,582.0,4638,395,29452.0
476,2017,4,Santa Fe,341680.0,293831.0,10602.0,10965,15382,672460.0
477,2017,4,Santiago Del Estero,27313.0,40407.0,19.0,1025,800,68844.0
478,2017,4,Tierra Del Fuego,19372.0,6906.0,530.0,10,2045,28854.0
479,2017,4,Tucumán,156583.0,5223.0,105.0,1020,3190,162332.0
480,2017,3,Buenos Aires,1288025.0,1571180.0,124920.0,35058,38777,3057960.0
481,2017,3,Capital Federal,583249.0,941092.0,33481.0,2814,9723,1570359.0
482,2017,3,Catamarca,26873.0,4411.0,12.0,10,2181,33478.0
483,2017,3,Chaco,54888.0,37307.0,456.0,360,1072,93759.0
484,2017,3,Chubut,56359.0,5645.0,1217.0,13503,682,83544.0
485,2017,3,Córdoba,344580.0,319360.0,10579.0,7137,14988,696644.0
486,2017,3,Corrientes,56247.0,33993.0,947.0,1334,270,92548.0
487,2017,3,Entre Ríos,107774.0,69596.0,1786.0,6245,630,185464.0
488,2017,3,Formosa,22647.0,6816.0,428.0,2202,120,32105.0
489,2017,3,Jujuy,33796.0,9395.0,20.0,230,80,43242.0
490,2017,3,La Pampa,11378.0,49679.0,5153.0,11536,1944,79690.0
491,2017,3,La Rioja,16638.0,34984.0,14.0,2520,250,51913.0
492,2017,3,Mendoza,154036.0,33788.0,2772.0,290,1866,192491.0
493,2017,3,Misiones,56472.0,43880.0,110.0,50,90,100476.0
494,2017,3,Neuquén,48001.0,52468.0,1044.0,11576,2695,115784.0
495,2017,3,Río Negro,69301.0,30018.0,1106.0,3054,4017,107496.0
496,2017,3,Salta,80782.0,50284.0,127.0,1580,1167,132518.0
497,2017,3,San Juan,54499.0,5068.0,816.0,1053,1013,62449.0
498,2017,3,San Luis,11407.0,7576.0,347.0,260,2363,21719.0
499,2017,3,Santa Cruz,19220.0,5487.0,1544.0,4552,2887,33690.0
500,2017,3,Santa Fe,322953.0,290655.0,6338.0,4897,37499,662342.0
501,2017,3,Santiago Del Estero,27733.0,54096.0,19.0,9110,350,82794.0
502,2017,3,Tierra Del Fuego,21587.0,7012.0,622.0,10,2244,31466.0
503,2017,3,Tucumán,154130.0,6431.0,106.0,400,3050,161012.0
504,2017,2,Buenos Aires,1378549.0,1535037.0,119132.0,21555,24358,3078631.0
505,2017,2,Capital Federal,615262.0,932466.0,38628.0,2819,11016,1600191.0
506,2017,2,Catamarca,26401.0,255.0,14.0,10,340,26705.0
507,2017,2,Chaco,54449.0,35613.0,458.0,520,390,90611.0
508,2017,2,Chubut,43994.0,1067.0,916.0,13194,4804,63975.0
509,2017,2,Córdoba,341748.0,303488.0,4451.0,6446,1505,657638.0
510,2017,2,Corrientes,55262.0,33192.0,258.0,1354,310,90097.0
511,2017,2,Entre Ríos,108309.0,67650.0,254.0,6448,710,182732.0
512,2017,2,Formosa,22493.0,6410.0,17.0,1023,130,29956.0
513,2017,2,Jujuy,33742.0,8858.0,22.0,0,350,42657.0
514,2017,2,La Pampa,12754.0,48310.0,5194.0,6253,5110,73022.0
515,2017,2,La Rioja,16244.0,0.0,15.0,20,280,16289.0
516,2017,2,Mendoza,153331.0,13030.0,2581.0,270,1784,170753.0
517,2017,2,Misiones,56752.0,42925.0,103.0,50,90,99794.0
518,2017,2,Neuquén,51794.0,50283.0,1133.0,11545,2678,117433.0
519,2017,2,Río Negro,67038.0,29147.0,961.0,3213,126,101619.0
520,2017,2,Salta,80184.0,27280.0,115.0,1580,8040,108541.0
521,2017,2,San Juan,48670.0,451.0,772.0,1073,9150,51881.0
522,2017,2,San Luis,11432.0,1120.0,354.0,260,3750,13307.0
523,2017,2,Santa Cruz,15311.0,2722.0,1365.0,4735,2255,26388.0
524,2017,2,Santa Fe,329813.0,228102.0,3234.0,4958,1173,567280.0
525,2017,2,Santiago Del Estero,28337.0,3900.0,19.0,9110,290,33196.0
526,2017,2,Tierra Del Fuego,22636.0,6905.0,665.0,10,235,32557.0
527,2017,2,Tucumán,149013.0,5223.0,116.0,140,450,154411.0
528,2017,1,Buenos Aires,1559178.0,1465817.0,118839.0,212,24342,3189376.0
529,2017,1,Capital Federal,428801.0,918328.0,38259.0,273,10928,1399046.0
530,2017,1,Catamarca,26020.0,248.0,14.0,10,340,26317.0
531,2017,1,Chaco,54430.0,34277.0,252.0,520,390,89050.0
532,2017,1,Chubut,43994.0,999.0,916.0,13194,4793,63896.0
533,2017,1,Córdoba,335673.0,293479.0,4871.0,5782,1394,641199.0
534,2017,1,Corrientes,54993.0,31994.0,236.0,1354,310,88608.0
535,2017,1,Entre Ríos,108509.0,65095.0,230.0,6448,710,180353.0
536,2017,1,Formosa,22438.0,6215.0,16.0,1023,130,29705.0
537,2017,1,Jujuy,33869.0,9278.0,22.0,0,340,43203.0
538,2017,1,La Pampa,12754.0,47195.0,5194.0,6253,5170,71913.0
539,2017,1,La Rioja,16180.0,0.0,15.0,20,280,16225.0
540,2017,1,Mendoza,153326.0,13030.0,2581.0,270,1769,170733.0
541,2017,1,Misiones,57363.0,40142.0,101.0,50,80,97619.0
542,2017,1,Neuquén,51771.0,48109.0,1124.0,11665,267,115339.0
543,2017,1,Río Negro,67075.0,28785.0,954.0,3213,1261,101288.0
544,2017,1,Salta,79837.0,26845.0,114.0,1580,6790,107633.0
545,2017,1,San Juan,48670.0,451.0,772.0,1073,9070,51873.0
546,2017,1,San Luis,11432.0,1120.0,354.0,260,3750,13307.0
547,2017,1,Santa Cruz,15502.0,2722.0,1272.0,4733,2257,26486.0
548,2017,1,Santa Fe,327458.0,226094.0,3210.0,4948,1172,562882.0
549,2017,1,Santiago Del Estero,29616.0,3900.0,19.0,9110,290,34475.0
550,2017,1,Tierra Del Fuego,22636.0,6905.0,665.0,10,235,32557.0
551,2017,1,Tucumán,147373.0,5223.0,116.0,140,450,152771.0
552,2016,4,Buenos Aires,1563542.0,1414676.0,118747.0,21394,24342,3142701.0
553,2016,4,Capital Federal,434835.0,914952.0,38161.0,2583,10928,1401459.0
554,2016,4,Catamarca,26735.0,250.0,14.0,10,340,27034.0
555,2016,4,Chaco,54974.0,33534.0,248.0,520,390,88847.0
556,2016,4,Chubut,43994.0,955.0,916.0,13107,4793,63765.0
557,2016,4,Córdoba,337368.0,289344.0,3368.0,5686,7890,636555.0
558,2016,4,Corrientes,54981.0,31497.0,233.0,1354,310,88096.0
559,2016,4,Entre Ríos,109359.0,64141.0,226.0,6448,710,180245.0
560,2016,4,Formosa,22400.0,6061.0,16.0,1023,130,29513.0
561,2016,4,Jujuy,33838.0,8731.0,22.0,0,340,42625.0
562,2016,4,La Pampa,12754.0,47245.0,5054.0,6253,5220,71828.0
563,2016,4,La Rioja,16270.0,0.0,16.0,20,280,16316.0
564,2016,4,Mendoza,153320.0,13030.0,2579.0,270,1769,170725.0
565,2016,4,Misiones,57983.0,39294.0,100.0,50,80,97390.0
566,2016,4,Neuquén,51742.0,46389.0,1124.0,1191,267,113835.0
567,2016,4,Río Negro,67057.0,28474.0,954.0,3274,1261,101020.0
568,2016,4,Salta,79389.0,26657.0,110.0,1580,6210,106935.0
569,2016,4,San Juan,48670.0,451.0,772.0,1121,9070,51921.0
570,2016,4,San Luis,11432.0,1120.0,354.0,260,3750,13307.0
571,2016,4,Santa Cruz,15607.0,2722.0,1055.0,4823,2257,26464.0
572,2016,4,Santa Fe,326721.0,225792.0,3201.0,4946,1172,561832.0
573,2016,4,Santiago Del Estero,30192.0,3900.0,19.0,9110,290,35051.0
574,2016,4,Tierra Del Fuego,22636.0,6905.0,665.0,10,235,32557.0
575,2016,4,Tucumán,146995.0,4482.0,116.0,140,450,151652.0
576,2016,3,Buenos Aires,1574216.0,1355770.0,113463.0,18867,24276,3086592.0
577,2016,3,Capital Federal,447726.0,905105.0,36796.0,2514,10963,1403104.0
578,2016,3,Catamarca,26689.0,248.0,14.0,10,180,26970.0
579,2016,3,Chaco,56251.0,32730.0,232.0,20,150,89230.0
580,2016,3,Chubut,43987.0,935.0,916.0,13364,475,63952.0
581,2016,3,Córdoba,348481.0,285480.0,2540.0,5695,3950,642591.0
582,2016,3,Corrientes,55934.0,30813.0,217.0,1354,220,88340.0
583,2016,3,Entre Ríos,112588.0,61850.0,206.0,6441,640,181149.0
584,2016,3,Formosa,21800.0,5905.0,9.0,0,20,27716.0
585,2016,3,Jujuy,34250.0,8236.0,22.0,0,300,42538.0
586,2016,3,La Pampa,12751.0,45952.0,4910.0,6236,5150,70364.0
587,2016,3,La Rioja,16891.0,0.0,15.0,20,220,16930.0
588,2016,3,Mendoza,153233.0,13030.0,2576.0,280,1757,170624.0
589,2016,3,Misiones,59776.0,38130.0,79.0,50,70,97997.0
590,2016,3,Neuquén,51752.0,44739.0,1093.0,12402,2617,112603.0
591,2016,3,Río Negro,67043.0,28496.0,942.0,3293,1252,101026.0
592,2016,3,Salta,80866.0,26113.0,90.0,1570,5650,107791.0
593,2016,3,San Juan,48670.0,451.0,770.0,1174,9030,51968.0
594,2016,3,San Luis,11432.0,1113.0,354.0,230,3710,13293.0
595,2016,3,Santa Cruz,15570.0,2722.0,817.0,4978,217,26257.0
596,2016,3,Santa Fe,334911.0,223011.0,3037.0,4862,119,567011.0
597,2016,3,Santiago Del Estero,31730.0,3900.0,19.0,30,80,35660.0
598,2016,3,Tierra Del Fuego,22636.0,6276.0,665.0,10,2347,31925.0
599,2016,3,Tucumán,147259.0,3850.0,116.0,530,410,151319.0
600,2016,2,Buenos Aires,1579448.0,1305949.0,113070.0,21163,25661,3045291.0
601,2016,2,Capital Federal,450644.0,892209.0,36669.0,239,12672,1394584.0
602,2016,2,Catamarca,26262.0,245.0,14.0,10,340,26556.0
603,2016,2,Chaco,56112.0,31825.0,221.0,520,410,88251.0
604,2016,2,Chubut,43977.0,867.0,916.0,13293,4803,63856.0
605,2016,2,Córdoba,348891.0,277615.0,1709.0,561,1089,634914.0
606,2016,2,Corrientes,55511.0,29845.0,203.0,1354,430,86956.0
607,2016,2,Entre Ríos,112809.0,58768.0,169.0,6434,1930,178373.0
608,2016,2,Formosa,22101.0,5658.0,6.0,1023,140,28802.0
609,2016,2,Jujuy,33758.0,7374.0,22.0,0,350,41189.0
610,2016,2,La Pampa,12754.0,44654.0,4708.0,6225,5470,68888.0
611,2016,2,La Rioja,16691.0,0.0,15.0,20,280,16736.0
612,2016,2,Mendoza,153321.0,13030.0,2576.0,290,1868,170824.0
613,2016,2,Misiones,59573.0,36145.0,77.0,50,150,95815.0
614,2016,2,Neuquén,51742.0,42370.0,1088.0,12466,2849,110515.0
615,2016,2,Río Negro,67031.0,28100.0,939.0,33,1334,100704.0
616,2016,2,Salta,79438.0,24719.0,85.0,1510,5390,104932.0
617,2016,2,San Juan,48670.0,451.0,770.0,1214,9080,52013.0
618,2016,2,San Luis,11432.0,1063.0,354.0,300,3770,13256.0
619,2016,2,Santa Cruz,15453.0,2722.0,396.0,4996,2586,26153.0
620,2016,2,Santa Fe,336244.0,219088.0,2981.0,4744,1417,564474.0
621,2016,2,Santiago Del Estero,32101.0,3900.0,19.0,9110,300,36961.0
622,2016,2,Tierra Del Fuego,22636.0,5707.0,665.0,10,235,31359.0
623,2016,2,Tucumán,145486.0,2968.0,116.0,580,490,148677.0
624,2016,1,Buenos Aires,1583560.0,1200859.0,111231.0,21108,25757,2942515.0
625,2016,1,Capital Federal,454425.0,832126.0,36332.0,2284,12729,1337896.0
626,2016,1,Catamarca,26096.0,243.0,15.0,10,340,26389.0
627,2016,1,Chaco,56353.0,29994.0,211.0,520,410,86651.0
628,2016,1,Chubut,43967.0,834.0,916.0,1328,4803,63800.0
629,2016,1,Córdoba,350884.0,252346.0,674.0,5636,3860,609926.0
630,2016,1,Corrientes,55454.0,28491.0,192.0,1354,450,85536.0
631,2016,1,Entre Ríos,113101.0,54948.0,146.0,6425,1930,174813.0
632,2016,1,Formosa,21852.0,5420.0,5.0,1023,140,28314.0
633,2016,1,Jujuy,33481.0,6751.0,22.0,0,350,40289.0
634,2016,1,La Pampa,12754.0,41881.0,4536.0,6209,5490,65929.0
635,2016,1,La Rioja,16645.0,0.0,16.0,20,280,16691.0
636,2016,1,Mendoza,153299.0,13030.0,2576.0,340,1871,170810.0
637,2016,1,Misiones,59538.0,33330.0,70.0,50,150,92958.0
638,2016,1,Neuquén,51702.0,36122.0,1085.0,12502,285,104261.0
639,2016,1,Río Negro,66894.0,27312.0,937.0,3341,1338,99822.0
640,2016,1,Salta,78973.0,22741.0,73.0,1320,5070,102426.0
641,2016,1,San Juan,48670.0,451.0,770.0,1195,9080,51994.0
642,2016,1,San Luis,11432.0,1042.0,354.0,270,3770,13232.0
643,2016,1,Santa Cruz,15654.0,2723.0,396.0,5088,2426,26287.0
644,2016,1,Santa Fe,338052.0,204816.0,3014.0,4686,1428,551996.0
645,2016,1,Santiago Del Estero,32838.0,3900.0,19.0,9110,300,37698.0
646,2016,1,Tierra Del Fuego,22636.0,4834.0,665.0,10,235,30486.0
647,2016,1,Tucumán,144233.0,2165.0,116.0,740,490,146637.0
648,2015,4,Buenos Aires,1586343.0,1223603.0,103269.0,20397,25773,2959385.0
649,2015,4,Capital Federal,455427.0,879950.0,19818.0,2273,12758,1370226.0
650,2015,4,Catamarca,26180.0,242.0,15.0,10,340,26472.0
651,2015,4,Chaco,56818.0,29456.0,186.0,520,410,86553.0
652,2015,4,Chubut,43968.0,811.0,916.0,13521,4803,64019.0
653,2015,4,Córdoba,353530.0,266062.0,480.0,5613,3850,626070.0
654,2015,4,Corrientes,55681.0,28178.0,177.0,1354,450,85435.0
655,2015,4,Entre Ríos,113983.0,53411.0,122.0,6427,1940,174137.0
656,2015,4,Formosa,21734.0,5314.0,4.0,1023,140,28089.0
657,2015,4,Jujuy,32934.0,6933.0,22.0,0,350,39924.0
658,2015,4,La Pampa,12755.0,42705.0,4327.0,6205,3740,66366.0
659,2015,4,La Rioja,16886.0,0.0,16.0,20,280,16932.0
660,2015,4,Mendoza,153293.0,13030.0,2572.0,380,1874,170807.0
661,2015,4,Misiones,60252.0,32533.0,48.0,50,150,92853.0
662,2015,4,Neuquén,51680.0,38902.0,1048.0,12934,2852,107416.0
663,2015,4,Río Negro,66851.0,27221.0,915.0,3407,1328,99722.0
664,2015,4,Salta,78744.0,22446.0,47.0,1290,5540,101920.0
665,2015,4,San Juan,48670.0,451.0,770.0,123,9080,52029.0
666,2015,4,San Luis,11432.0,1025.0,354.0,300,3770,13218.0
667,2015,4,Santa Cruz,15614.0,2723.0,396.0,5261,2409,26403.0
668,2015,4,Santa Fe,339843.0,212911.0,2885.0,4596,1437,561672.0
669,2015,4,Santiago Del Estero,33582.0,4365.0,19.0,1139,300,39135.0
670,2015,4,Tierra Del Fuego,22636.0,4301.0,665.0,10,235,29953.0
671,2015,4,Tucumán,144188.0,1653.0,116.0,880,500,146095.0
672,2015,3,Buenos Aires,1585467.0,1183894.0,113590.0,19989,25825,2928765.0
673,2015,3,Capital Federal,454815.0,871262.0,30974.0,2229,12788,1372068.0
674,2015,3,Catamarca,25801.0,242.0,15.0,10,340,26093.0
675,2015,3,Chaco,56282.0,28809.0,186.0,520,410,85370.0
676,2015,3,Chubut,43964.0,792.0,916.0,13408,4803,63883.0
677,2015,3,Córdoba,351692.0,264055.0,1450.0,5412,3890,622998.0
678,2015,3,Corrientes,55792.0,27604.0,176.0,134,470,84959.0
679,2015,3,Entre Ríos,113909.0,51945.0,122.0,6261,1970,172434.0
680,2015,3,Formosa,21573.0,5264.0,2.0,8990,140,27752.0
681,2015,3,Jujuy,32598.0,6895.0,22.0,0,350,39550.0
682,2015,3,La Pampa,12755.0,41886.0,4078.0,6195,5570,65471.0
683,2015,3,La Rioja,16725.0,0.0,16.0,20,280,16771.0
684,2015,3,Mendoza,153299.0,13030.0,2572.0,420,188,170823.0
685,2015,3,Misiones,59921.0,31635.0,46.0,50,150,91622.0
686,2015,3,Neuquén,47102.0,36620.0,1045.0,13051,2798,100616.0
687,2015,3,Río Negro,66806.0,27130.0,917.0,3415,1346,99614.0
688,2015,3,Salta,78064.0,21688.0,47.0,1290,6450,100573.0
689,2015,3,San Juan,48670.0,451.0,770.0,1231,9080,52030.0
690,2015,3,San Luis,11432.0,1025.0,354.0,310,3770,13219.0
691,2015,3,Santa Cruz,15540.0,2718.0,396.0,5226,2391,26271.0
692,2015,3,Santa Fe,337042.0,209673.0,4169.0,4426,1428,556738.0
693,2015,3,Santiago Del Estero,33886.0,4365.0,19.0,1097,300,39397.0
694,2015,3,Tierra Del Fuego,22636.0,8085.0,665.0,10,235,33737.0
695,2015,3,Tucumán,142925.0,1135.0,116.0,880,500,144314.0
696,2015,2,Buenos Aires,1581770.0,1141052.0,115660.0,19268,2604,2883790.0
697,2015,2,Capital Federal,453178.0,858342.0,19786.0,2172,12806,1346284.0
698,2015,2,Catamarca,25387.0,242.0,15.0,10,340,25679.0
699,2015,2,Chaco,55767.0,27809.0,179.0,520,410,83848.0
700,2015,2,Chubut,43949.0,762.0,916.0,13055,4803,63485.0
701,2015,2,Córdoba,348130.0,255596.0,435.0,5199,3860,609746.0
702,2015,2,Corrientes,55238.0,26553.0,157.0,1321,470,83316.0
703,2015,2,Entre Ríos,113378.0,49767.0,119.0,6031,1970,169492.0
704,2015,2,Formosa,21097.0,5164.0,2.0,7370,500,27050.0
705,2015,2,Jujuy,32183.0,5482.0,22.0,0,350,37722.0
706,2015,2,La Pampa,12756.0,40825.0,3719.0,619,5620,64052.0
707,2015,2,La Rioja,16463.0,0.0,16.0,20,280,16509.0
708,2015,2,Mendoza,153301.0,13030.0,2572.0,380,1882,170823.0
709,2015,2,Misiones,59179.0,29283.0,37.0,50,150,88519.0
710,2015,2,Neuquén,47078.0,34183.0,1044.0,12781,2799,97885.0
711,2015,2,Río Negro,66738.0,26268.0,916.0,3457,1348,98727.0
712,2015,2,Salta,77214.0,20297.0,47.0,1290,5800,98267.0
713,2015,2,San Juan,48670.0,451.0,770.0,1189,9080,51988.0
714,2015,2,San Luis,11432.0,1025.0,354.0,330,3770,13221.0
715,2015,2,Santa Cruz,15343.0,2707.0,396.0,4917,24,25763.0
716,2015,2,Santa Fe,333117.0,204685.0,2877.0,432,1389,546388.0
717,2015,2,Santiago Del Estero,33873.0,4365.0,19.0,1091,300,39378.0
718,2015,2,Tierra Del Fuego,22636.0,7927.0,665.0,10,235,33579.0
719,2015,2,Tucumán,139944.0,479.0,116.0,880,500,140677.0
720,2015,1,Buenos Aires,1583135.0,1096836.0,134177.0,18754,2894,2861842.0
721,2015,1,Capital Federal,454934.0,841743.0,19334.0,1994,14716,1332721.0
722,2015,1,Catamarca,25033.0,241.0,16.0,10,410,25332.0
723,2015,1,Chaco,54952.0,26161.0,164.0,270,560,81360.0
724,2015,1,Chubut,45645.0,717.0,906.0,1254,5465,65273.0
725,2015,1,Córdoba,343883.0,247564.0,415.0,4645,4500,596957.0
726,2015,1,Corrientes,54649.0,25372.0,129.0,1319,620,81531.0
727,2015,1,Entre Ríos,112363.0,47411.0,108.0,5943,2450,166070.0
728,2015,1,Formosa,21022.0,4951.0,1.0,6700,560,26700.0
729,2015,1,Jujuy,31505.0,5048.0,22.0,0,360,36611.0
730,2015,1,La Pampa,13143.0,39571.0,3215.0,6164,6040,62697.0
731,2015,1,La Rioja,16282.0,0.0,16.0,20,330,16333.0
732,2015,1,Mendoza,152433.0,13030.0,2542.0,290,2126,170160.0
733,2015,1,Misiones,58262.0,26836.0,30.0,50,130,85146.0
734,2015,1,Neuquén,47518.0,32152.0,1024.0,12088,296,95742.0
735,2015,1,Río Negro,66274.0,25217.0,907.0,3473,1462,97333.0
736,2015,1,Salta,76280.0,19781.0,47.0,1290,5740,96811.0
737,2015,1,San Juan,48441.0,451.0,755.0,1165,1007,51819.0
738,2015,1,San Luis,11414.0,1025.0,351.0,300,4120,13232.0
739,2015,1,Santa Cruz,16215.0,2700.0,392.0,4772,2562,26641.0
740,2015,1,Santa Fe,328809.0,199037.0,2845.0,4239,1507,536437.0
741,2015,1,Santiago Del Estero,33813.0,4365.0,19.0,102,350,39252.0
742,2015,1,Tierra Del Fuego,22291.0,7924.0,657.0,10,2583,33456.0
743,2015,1,Tucumán,137857.0,115.0,116.0,880,1000,138276.0
744,2014,4,Buenos Aires,1575978.0,1070135.0,120528.0,17728,32038,2816407.0
745,2014,4,Capital Federal,455785.0,840224.0,17155.0,1962,15394,1330520.0
746,2014,4,Catamarca,25192.0,241.0,16.0,0,440,25493.0
747,2014,4,Chaco,55024.0,10918.0,31.0,0,620,66035.0
748,2014,4,Chubut,48539.0,697.0,891.0,12256,6159,68542.0
749,2014,4,Córdoba,345157.0,240452.0,419.0,3918,4860,590432.0
750,2014,4,Corrientes,54754.0,9526.0,40.0,1315,750,65710.0
751,2014,4,Entre Ríos,112291.0,23027.0,57.0,5178,2600,140813.0
752,2014,4,Formosa,21245.0,4896.0,1.0,0,650,26207.0
753,2014,4,Jujuy,31349.0,4583.0,22.0,370,110,36002.0
754,2014,4,La Pampa,16043.0,34281.0,514.0,5894,6480,57380.0
755,2014,4,La Rioja,16352.0,0.0,17.0,0,330,16402.0
756,2014,4,Mendoza,151797.0,13030.0,2534.0,310,2222,169614.0
757,2014,4,Misiones,58435.0,18613.0,16.0,1500,150,77229.0
758,2014,4,Neuquén,47721.0,31778.0,1014.0,11853,303,95396.0
759,2014,4,Río Negro,66307.0,23703.0,901.0,3819,153,96260.0
760,2014,4,Salta,76026.0,17289.0,48.0,60,5780,93947.0
761,2014,4,San Juan,48653.0,451.0,740.0,1202,1073,52119.0
762,2014,4,San Luis,11419.0,926.0,355.0,240,4230,13147.0
763,2014,4,Santa Cruz,17553.0,448.0,388.0,4395,2929,25713.0
764,2014,4,Santa Fe,335267.0,183009.0,3205.0,6282,1634,529397.0
765,2014,4,Santiago Del Estero,34110.0,4231.0,19.0,9200,370,39317.0
766,2014,4,Tierra Del Fuego,21948.0,3664.0,655.0,10,2722,28990.0
767,2014,4,Tucumán,137093.0,97.0,116.0,130,1050,137424.0
768,2014,3,Buenos Aires,1562533.0,1110628.0,124474.0,20049,31881,2849565.0
769,2014,3,Capital Federal,450155.0,833402.0,17886.0,1995,14387,1317825.0
770,2014,3,Catamarca,24380.0,244.0,15.0,0,470,24686.0
771,2014,3,Chaco,53321.0,10336.0,29.0,10,590,63746.0
772,2014,3,Chubut,49219.0,668.0,882.0,11853,6515,69137.0
773,2014,3,Córdoba,340212.0,240334.0,444.0,4064,3770,585431.0
774,2014,3,Corrientes,52957.0,9184.0,31.0,1312,650,63549.0
775,2014,3,Entre Ríos,108907.0,22440.0,48.0,5203,1350,136733.0
776,2014,3,Formosa,21021.0,4836.0,0.0,0,800,25937.0
777,2014,3,Jujuy,30128.0,3541.0,22.0,370,130,33741.0
778,2014,3,La Pampa,16051.0,33940.0,538.0,11219,6770,62425.0
779,2014,3,La Rioja,15864.0,0.0,14.0,10,370,15916.0
780,2014,3,Mendoza,150120.0,13030.0,2512.0,400,2222,167924.0
781,2014,3,Misiones,56933.0,18373.0,4.0,30,140,75327.0
782,2014,3,Neuquén,54458.0,30964.0,1000.0,12858,3087,102367.0
783,2014,3,Río Negro,65264.0,26590.0,888.0,3533,1505,97780.0
784,2014,3,Salta,73828.0,18394.0,43.0,1090,5800,92954.0
785,2014,3,San Juan,48272.0,451.0,731.0,1199,1126,51779.0
786,2014,3,San Luis,11303.0,925.0,355.0,250,4380,13046.0
787,2014,3,Santa Cruz,17862.0,492.0,385.0,4273,3098,26110.0
788,2014,3,Santa Fe,325577.0,183630.0,4407.0,654,7330,520887.0
789,2014,3,Santiago Del Estero,32820.0,3900.0,19.0,7680,410,37548.0
790,2014,3,Tierra Del Fuego,21840.0,3469.0,650.0,10,2832,28792.0
791,2014,3,Tucumán,131739.0,97.0,117.0,130,1000,132066.0
792,2014,2,Buenos Aires,1568881.0,1025490.0,120008.0,1702,33147,2764546.0
793,2014,2,Capital Federal,447637.0,828411.0,17729.0,1883,14555,1310215.0
794,2014,2,Catamarca,24380.0,243.0,17.0,0,430,24683.0
795,2014,2,Chaco,53321.0,9870.0,30.0,0,580,63279.0
796,2014,2,Chubut,51070.0,649.0,866.0,1096,6974,70519.0
797,2014,2,Córdoba,337825.0,234729.0,351.0,3673,3740,576952.0
798,2014,2,Corrientes,52883.0,8680.0,31.0,1309,550,62958.0
799,2014,2,Entre Ríos,108900.0,21706.0,49.0,4795,1330,135583.0
800,2014,2,Formosa,20894.0,4628.0,0.0,0,780,25600.0
801,2014,2,Jujuy,30128.0,4161.0,23.0,400,90,34361.0
802,2014,2,La Pampa,15957.0,32600.0,513.0,5869,6890,55628.0
803,2014,2,La Rioja,15864.0,0.0,14.0,0,340,15912.0
804,2014,2,Mendoza,148979.0,13030.0,2480.0,360,2282,166807.0
805,2014,2,Misiones,56933.0,17594.0,4.0,1500,80,74689.0
806,2014,2,Neuquén,47767.0,29776.0,997.0,10765,2983,92288.0
807,2014,2,Río Negro,64920.0,24944.0,876.0,3657,156,95957.0
808,2014,2,Salta,73841.0,17504.0,45.0,70,5770,91974.0
809,2014,2,San Juan,48161.0,451.0,722.0,1139,1173,51646.0
810,2014,2,San Luis,11306.0,925.0,354.0,220,4480,13055.0
811,2014,2,Santa Cruz,18956.0,448.0,381.0,4118,3266,27169.0
812,2014,2,Santa Fe,324101.0,178495.0,3085.0,6041,6360,512358.0
813,2014,2,Santiago Del Estero,32820.0,4231.0,19.0,9070,340,38011.0
814,2014,2,Tierra Del Fuego,21618.0,3008.0,648.0,10,2934,28209.0
815,2014,2,Tucumán,131740.0,97.0,121.0,130,980,132069.0
816,2014,1,Buenos Aires,1567685.0,1000879.0,120960.0,16528,33824,2739876.0
817,2014,1,Capital Federal,445569.0,820161.0,17767.0,1866,14555,1299918.0
818,2014,1,Catamarca,24126.0,46.0,17.0,0,430,24232.0
819,2014,1,Chaco,52971.0,9497.0,30.0,0,580,62556.0
820,2014,1,Chubut,51066.0,539.0,866.0,10776,6974,70221.0
821,2014,1,Córdoba,336841.0,225769.0,347.0,3585,3680,566910.0
822,2014,1,Corrientes,52565.0,8279.0,31.0,1306,550,62236.0
823,2014,1,Entre Ríos,107883.0,21379.0,49.0,4887,1330,134331.0
824,2014,1,Formosa,20774.0,4548.0,0.0,0,1000,25422.0
825,2014,1,Jujuy,29765.0,4030.0,23.0,0,90,33827.0
826,2014,1,La Pampa,15826.0,31305.0,513.0,5848,7010,54193.0
827,2014,1,La Rioja,15663.0,0.0,14.0,0,340,15711.0
828,2014,1,Mendoza,148970.0,12076.0,2480.0,370,2282,165845.0
829,2014,1,Misiones,56597.0,17191.0,4.0,1500,80,73950.0
830,2014,1,Neuquén,47790.0,28161.0,997.0,10381,3051,90380.0
831,2014,1,Río Negro,64886.0,24156.0,876.0,3576,1572,95066.0
832,2014,1,Salta,73131.0,17538.0,45.0,80,5680,91290.0
833,2014,1,San Juan,48161.0,434.0,722.0,8080,1173,51298.0
834,2014,1,San Luis,11306.0,428.0,354.0,210,4480,12557.0
835,2014,1,Santa Cruz,18927.0,100.0,381.0,4092,3264,26764.0
836,2014,1,Santa Fe,322662.0,174296.0,3059.0,5951,6440,506612.0
837,2014,1,Santiago Del Estero,32567.0,3598.0,19.0,9150,340,37133.0
838,2014,1,Tierra Del Fuego,21618.0,2837.0,648.0,10,2934,28038.0
839,2014,1,Tucumán,129717.0,83.0,121.0,130,980,130032.0
840,,,,,,,0,0,
